<?xml version="1.0"?>

<!DOCTYPE hibernate-mapping PUBLIC
		"-//Hibernate/Hibernate Mapping DTD 3.0//EN"
		"http://hibernate.sourceforge.net/hibernate-mapping-3.0.dtd">

<hibernate-mapping default-access="field" default-lazy="false"
                   default-cascade="save-update">
	<class name="f1.one_to_one.Pilot">
		<id column="typed_id" type="long">
			<generator class="foreign">
				<param name="property">helmet</param>
			</generator>
		</id>
		<property name="name"/>
		<one-to-one name="helmet"/>
	</class>
</hibernate-mapping>
