<?xml version="1.0"?>

<!-- Copyright (C) 2004 - 2008  db4objects Inc.  http://www.db4o.com -->

<!DOCTYPE hibernate-mapping PUBLIC
		"-//Hibernate/Hibernate Mapping DTD 3.0//EN"
		"http://hibernate.sourceforge.net/hibernate-mapping-3.0.dtd">

<hibernate-mapping default-access="field" default-lazy="false" default-cascade="save-update">
	<class name="f1.collection.map.Pilot">
		<id column="typed_id" type="long">
			<generator class="native"/>
		</id>

		<property name="name"/>

		<map name="cars" table="cars">
			<key column="pilotId"/>
			<map-key type="string"/>
			<one-to-many class="f1.collection.Car"/>
		</map>
	</class>
</hibernate-mapping>
