<?xml version='1.0' encoding='utf-8'?>
<!DOCTYPE hibernate-configuration PUBLIC
		"-//Hibernate/Hibernate Configuration DTD 3.0//EN"
		"http://hibernate.sourceforge.net/hibernate-configuration-3.0.dtd">

<hibernate-configuration>
	<session-factory>
		<!-- Database connection settings -->
		<property name="hibernate.connection.driver_class">
			org.hsqldb.jdbcDriver</property>

		<property name="hibernate.connection.url">
			jdbc:hsqldb:mem:stepbystep</property>

		<property name="hibernate.connection.username">sa</property>
		<property name="hibernate.connection.password"></property>

		<!-- JDBC connection pool (use the built-in) -->
		<property name="hibernate.connection.pool_size">1</property>

		<!-- SQL dialect -->
		<property name="hibernate.dialect">
			org.hibernate.dialect.HSQLDialect</property>

		<!-- Echo all executed SQL to stdout -->
		<property name="hibernate.show_sql">false</property>

		<!-- Update the database schema if out of date -->
		<property name="hibernate.hbm2ddl.auto">update</property>

		<!-- Specify all your data entity classes here -->
		<mapping resource="f1/stepbystep/Pilot.hbm.xml"/>
		<mapping resource="f1/stepbystep/Car.hbm.xml"/>
	</session-factory>
</hibernate-configuration>