<hibernate-configuration>     <session-factory>
        <!-- Database connection settings -->
        <property name="hibernate.connection.driver_class">oracle.jdbc.driver.OracleDriver</property>
        <property name="hibernate.connection.url">jdbc:oracle:thin:@ws-peterv:1521:websys</property>
        <property name="hibernate.connection.username">db4o</property>
        <property name="hibernate.connection.password">db4o</property>
        <!-- JDBC connection pool (use the built-in) -->
        <property name="hibernate.connection.pool_size">1</property>
        <!-- SQL dialect -->
        <property name="hibernate.dialect">org.hibernate.dialect.OracleDialect</property>
        <!-- Echo all executed SQL to stdout -->
        <property name="hibernate.show_sql">false</property>
        <!-- Update the database schema if out of date -->
        <property name="hibernate.hbm2ddl.auto">update</property>
        
        <property name="hibernate.jdbc.batch_size">0</property>
    </session-factory>
</hibernate-configuration>